name,orbital_period,mass,radius,star_temperature,density
2MASS J21402931+1625183 A b,7336.5,6657.91,10.312188,2300.0,
55 Cnc e,0.736539,8.078476,1.905513,5196.0,6.4
BD+20 594 b,41.6855,16.299962,2.2305711,5766.0,7.89
CoRoT-1 b,1.5089557,327.334,16.701261,5950.0,0.38
CoRoT-10 b,13.2406,873.95,10.872633,5075.0,3.7
CoRoT-11 b,2.99433,740.474,16.028727,6440.0,0.99
CoRoT-12 b,2.828042,291.42260000000005,16.140816,5675.0,0.411
CoRoT-13 b,4.03519,415.68240000000003,9.919876499999999,5945.0,2.34
CoRoT-14 b,1.51214,2415.28,12.217701,6035.0,7.3
CoRoT-16 b,5.35227,170.02300000000002,13.114412999999999,5650.0,0.44
CoRoT-17 b,3.7681,772.2540000000001,11.433078,5740.0,2.82
CoRoT-18 b,1.9000693,1102.766,14.683659,5440.0,2.2
CoRoT-19 b,3.89713,352.75800000000004,14.459481,6090.0,0.71
CoRoT-2 b,1.7429935,1102.766,16.432247399999998,5625.0,1.47
CoRoT-20 b,9.24285,1347.4720000000002,9.415476,5880.0,8.87
CoRoT-22 b,9.75598,12.0764,4.8758715,5939.0,0.249
CoRoT-23 b,3.6313,889.84,11.769345,5900.0,3.0
CoRoT-24 b,5.1134,5.7204,3.698937,4950.0,0.9
CoRoT-24 c,11.759,27.9664,4.931916,4950.0,1.3
CoRoT-25 b,4.86069,85.80600000000001,12.105612,6040.0,0.15
CoRoT-26 b,4.20474,165.256,14.123213999999999,5590.0,0.28
CoRoT-27 b,3.57532,3301.9420000000005,11.287362299999998,5900.0,12.6
CoRoT-28 b,5.20851,153.8152,10.704499499999999,5150.0,0.69
CoRoT-29 b,2.85057,270.13,10.08801,5260.0,1.45
CoRoT-3 b,4.2568,6883.548000000001,11.320988999999999,6740.0,26.4
CoRoT-4 b,9.20205,228.816,13.338591,6190.0,0.525
CoRoT-5 b,4.0378962,148.41260000000003,15.557953199999998,6100.0,0.217
CoRoT-6 b,8.886593,940.688,13.069577399999998,6090.0,2.32
CoRoT-7 b,0.85359159,5.7204,1.5804548999999999,5259.0,7.5
CoRoT-8 b,6.21229,69.916,6.389073,5080.0,1.6
CoRoT-9 b,95.2738,266.952,11.769345,5625.0,0.9
EPIC 211351816 b,8.4061,349.58000000000004,14.683659,4790.0,0.02
EPIC 211391664 b,10.13675,32.196318,4.3042176,6120.0,2.15
GJ 1132 b,1.62893,1.62078,1.1545166999999998,3270.0,6.0
GJ 1214 b,1.58040456,6.26066,2.8470606,3170.0,1.49
GJ 3470 b,3.3366487,13.6654,3.8782794,3652.0,1.18
HAT-P-1 b,4.46529976,166.845,14.7845391,5980.0,0.282
HAT-P-11 b,4.8878162,25.7418,4.7301557999999995,4780.0,1.33
HAT-P-12 b,3.2130598,67.0558,10.7493351,4650.0,0.3192
HAT-P-13 b,2.91625,270.44780000000003,14.2577208,5653.0,
HAT-P-14 b,4.627669,709.3296000000001,12.890234999999999,6600.0,1.82
HAT-P-15 b,10.863502,618.4388,12.015940800000001,5568.0,1.96
HAT-P-16 b,2.77596,1332.5354,14.448272099999999,6158.0,2.42
HAT-P-17 b,10.338523,169.70520000000002,11.320988999999999,5246.0,0.64
HAT-P-18 b,5.508023,62.60660000000001,11.1528555,4803.0,0.25
HAT-P-19 b,4.008778,92.7976,12.688474799999998,4990.0,0.25
HAT-P-2 b,5.6334729,2888.802,12.9686973,6290.0,7.29
HAT-P-20 b,2.875317,2302.7788,9.7181163,4595.0,13.78
HAT-P-21 b,4.124481,1291.2214,11.4779136,5588.0,4.68
HAT-P-22 b,3.21222,682.3166,12.105612,5302.0,2.11
HAT-P-23 b,1.21288287,657.846,13.7196936,5885.0,1.406
HAT-P-24 b,3.35524,217.693,13.9214538,6373.0,0.44
HAT-P-25 b,3.652836,180.1926,13.338591,5500.0,0.42
HAT-P-26 b,4.234516,18.7502,6.333028499999999,5079.0,0.4
HAT-P-27 b,3.039577,197.036,11.433078,5300.0,
HAT-P-28 b,3.257215,198.9428,13.585186799999999,5680.0,0.44
HAT-P-29 b,5.723186,247.2484,12.4082523,6087.0,0.71
HAT-P-3 b,2.899736,187.8198,9.2697603,5185.0,1.29
HAT-P-30 b,2.810595,225.9558,15.019926,6304.0,0.37
HAT-P-31 b,5.005425,689.9438,11.993523,6065.0,2.18
HAT-P-33 b,3.474474,242.1636,18.8982054,6446.0,0.2
HAT-P-34 b,5.452654,1057.6384,13.417053300000001,6442.0,2.4
HAT-P-35 b,3.646706,334.9612,14.9302548,6096.0,0.55
HAT-P-36 b,1.327347,582.2096,14.1680496,5560.0,1.12
HAT-P-37 b,2.797436,371.50820000000004,13.204084199999999,5500.0,0.89
HAT-P-38 b,4.640382,84.85260000000001,9.2473425,5330.0,0.59
HAT-P-39 b,3.54387,190.3622,17.6091819,6430.0,0.19
HAT-P-4 b,3.056536,213.24380000000002,14.2801386,5860.0,0.403
HAT-P-40 b,4.457243,195.447,19.391397,6080.0,0.15
HAT-P-41 b,2.694047,254.24,18.8869965,6390.0,0.2
HAT-P-42 b,4.641878,331.7832,14.347392,5743.0,0.61
HAT-P-43 b,3.332687,210.38360000000003,14.358600899999999,5645.0,0.39
HAT-P-44 b,4.301219,111.8656,13.9214538,5295.0,0.23
HAT-P-45 b,3.128992,283.4776,15.9838914,6330.0,0.38
HAT-P-46 b,4.463129,156.6754,14.3922276,6120.0,0.28
HAT-P-49 b,2.691548,549.794,15.8381757,6820.0,0.75
HAT-P-5 b,2.788491,336.86800000000005,14.123213999999999,5960.0,0.66
HAT-P-50 b,3.1220109,429.03000000000003,14.4370632,6280.0,0.78
HAT-P-51 b,4.2180278,98.20020000000001,14.4931077,5449.0,0.178
HAT-P-52 b,2.7535953,259.9604,11.3097801,5131.0,0.98
HAT-P-53 b,1.9616241,471.6152,14.7733302,5956.0,0.8
HAT-P-54 b,3.799847,241.52800000000002,10.5812016,4390.0,1.118
HAT-P-55 b,3.5852467,184.9596,13.2489198,5808.0,0.435
HAT-P-56 b,2.7908327,692.8040000000001,16.432247399999998,6566.0,0.86
HAT-P-57 b,2.465295,587.9300000000001,15.8381757,7500.0,
HAT-P-6 b,3.852985,335.9146,14.907837,6570.0,0.558
HAT-P-65 b,2.6054552,167.4806,21.184821,5835.0,0.096
HAT-P-66 b,2.972086,248.83740000000003,17.822151,6002.0,0.242
HAT-P-7 b,2.2047372,534.5396,16.712469900000002,6441.0,0.629
HAT-P-8 b,3.0763776,483.05600000000004,16.81335,6200.0,0.568
HAT-P-9 b,3.92289,247.88400000000001,15.692459999999999,6350.0,0.35
HATS-1 b,3.446459,589.519,14.5939878,5870.0,1.03
HATS-10 b,3.312846,167.1628,10.861424099999999,5880.0,0.7
HATS-11 b,3.6191613,270.13,16.925439,6060.0,0.299
HATS-12 b,3.142833,756.364,15.132015,6408.0,1.19
HATS-13 b,3.0440499,172.5654,13.585186799999999,5523.0,0.377
HATS-14 b,2.7667641,340.36379999999997,11.646047099999999,5346.0,1.191
HATS-15 b,1.74748753,689.626,12.3858345,5311.0,1.97
HATS-16 b,2.686502,1039.2060000000001,14.57157,5738.0,1.86
HATS-17 b,16.254611,425.2164,8.7093153,5846.0,3.5
HATS-18 b,0.8378434,629.244,14.986299299999999,5600.0,1.02
HATS-2 b,1.354133,427.44100000000003,13.0919952,5227.0,1.05
HATS-25 b,4.2986432,194.8114,14.123213999999999,5715.0,0.38
HATS-26 b,3.3023881,206.57000000000002,19.615575,6071.0,0.153
HATS-27 b,4.637038,168.43400000000003,16.81335,6438.0,0.18
HATS-28 b,3.1810781,213.56160000000003,13.3834266,5498.0,0.48
HATS-29 b,4.6058749,207.5234,14.022333899999998,5670.0,0.411
HATS-3 b,3.547851,340.36379999999997,15.4794909,6351.0,0.51
HATS-30 b,3.1743516,224.36679999999998,13.1704575,5943.0,0.543
HATS-31 b,3.37796,279.664,18.382596,6050.0,0.243
HATS-32 b,2.8126548,292.37600000000003,13.999916100000002,5700.0,0.58
HATS-33 b,2.5495551,378.81759999999997,13.786947,5659.0,0.79
HATS-34 b,2.1061607,299.0498,16.028727,5380.0,0.4
HATS-35 b,1.8209993,388.3516,16.4098296,6300.0,0.484
HATS-4 b,2.516729,420.4494,11.433078,5403.0,1.55
HATS-5 b,4.763387,75.3186,10.222516800000001,5304.0,0.39
HATS-6 b,3.3252725,101.3782,11.1864822,3724.0,0.399
HATS-8 b,3.583893,43.85640000000001,9.7853697,5679.0,0.259
HATS-9 b,1.9153073,265.9986,11.9374785,5366.0,0.85
HD 114762 b,83.9151,3489.4440000000004,12.441879,5673.0,
HD 149026 b,2.8758911,116.9504,9.1128357,6160.0,0.85
HD 17156 b,21.21663,1023.3160000000001,11.433078,6100.0,3.78
HD 63454 b,2.818049,126.48440000000001,12.307372200000001,4840.0,
HD 80606 b,111.4357,1252.132,10.984722,5645.0,
HD 97658 b,9.4909,7.859194,2.3426601,5119.0,3.35
HIP 116454 b,9.1205,11.7586,2.5332114,5089.0,4.17
K2-10 b,19.3044,26.99711,3.8446527,5620.0,2.6
K2-105 b,8.266902,29.997142,4.1360841,5434.0,
K2-107 b,3.31392,266.952,16.140816,6030.0,0.35
K2-108 b,4.73401,59.393642,5.279391899999999,5474.0,2.22
K2-22 b,0.381078,444.92,2.4995847,3830.0,
K2-27 b,6.771315,30.896516000000002,4.48356,5248.0,1.87
K2-29 b,3.2588321,231.994,13.338591,5358.0,0.53
K2-30 b,4.098503,184.0062,11.646047099999999,5425.0,0.64
K2-31 b,1.25785,563.7772,11.881434,5280.0,
K2-32 b,8.99213,16.496998,5.1336762,5275.0,0.67
K2-32 c,20.6602,12.098646,3.0151941,5275.0,2.7
K2-32 d,31.7154,10.299898,3.4299234,5275.0,1.38
K2-33 b,5.424865,1175.8600000000001,5.044005,3540.0,
K2-34 b,2.995607,559.328,15.132015,6132.0,0.94
K2-38 b,4.01593,12.000128000000002,1.5468282000000002,5757.0,17.5
K2-38 c,10.56103,9.89947,2.4211224,5757.0,3.6
K2-39 b,4.60497,39.794916,5.7053301,4912.0,1.17
K2-60 b,3.00265,135.3828,7.6556787,5500.0,1.7
K2-77 b,8.199796,603.82,2.2978245,4970.0,
K2-95 b,10.13389,10.989524,3.474759,3471.0,
K2-99 b,18.249,308.266,14.459481,5990.0,
KELT-1 b,1.217514,8653.694000000001,12.441879,6518.0,24.7
KELT-10 b,4.1662739,215.78620000000004,15.6812511,5948.0,0.308
KELT-14 b,1.7100566,408.0552,19.5371127,5720.0,0.322
KELT-15 b,3.329441,289.19800000000004,16.1744427,6003.0,0.36
KELT-16 b,0.9689951,873.95,15.8605935,6236.0,1.2
KELT-17 b,3.0801716,416.31800000000004,17.0935725,7454.0,0.46
KELT-2 A b,4.1137912,483.69160000000005,14.4146454,6151.0,
KELT-3 b,2.7033904,469.39060000000006,15.0759705,6306.0,0.75
KELT-4 A b,2.9895932,286.6556,19.043921100000002,6206.0,0.228
KELT-6 b,7.8455821,140.4676,13.226502,6272.0,
KELT-7 b,2.7347749,406.78400000000005,17.1832437,6789.0,0.442
KELT-8 b,3.24406,275.5326,20.848554,5754.0,0.167
KOI-12 b,17.8552333,3178.0,16.028727,6820.0,
KOI-13 b,1.763588,2949.1839999999997,16.9478568,7650.0,3.6
KOI-142 b,10.95416,8.5806,3.7773993000000003,5471.0,0.87
KOI-55 b,0.240104,0.44492000000000004,0.7622052,27730.0,
KOI-55 c,0.342887,0.66738,0.8630852999999999,27730.0,
KOI-94 b,3.743208,10.487400000000001,1.7149617,6182.0,10.1
KOI-94 c,10.423648,15.5722,4.3154265,6182.0,0.91
KOI-94 d,22.342989,106.14520000000002,11.264944499999999,6182.0,0.363
KOI-94 e,54.32031,34.958,6.5572064999999995,6182.0,0.6
Kepler-10 b,0.837491,4.6081,1.4795748,5627.0,8.0
Kepler-10 c,45.294301,17.1612,2.353869,5627.0,7.1
Kepler-100 b,6.88705,7.3094,1.3226502,5825.0,14.25
Kepler-101 b,3.4876812,50.848000000000006,5.716539,5667.0,1.45
Kepler-101 c,6.02976,3.1780000000000004,1.2553968,5667.0,10.5
Kepler-102 d,10.3117,3.8136,1.1769345,4909.0,13.27
Kepler-102 e,16.1457,8.8984,2.2193622,4909.0,4.68
Kepler-103 b,15.9654,9.8518,3.3738789,5845.0,1.38
Kepler-103 c,179.612,36.229200000000006,5.1448851,5845.0,1.47
Kepler-105 c,7.1262,4.598566,1.3114413,5827.0,11.2
Kepler-106 c,13.5708,10.487400000000001,2.4995847,5858.0,3.28
Kepler-106 e,43.8445,11.123000000000001,2.5556292000000003,5858.0,3.1
Kepler-11 b,10.3039,1.9068,1.8046329,5663.0,1.72
Kepler-11 c,13.0241,2.8602,2.8694784,5663.0,0.66
Kepler-11 d,22.6845,7.3094,3.1160742000000003,5663.0,1.28
Kepler-11 e,31.9996,7.945,4.1921286,5663.0,0.58
Kepler-11 f,46.6888,1.9068,2.4883758,5663.0,0.69
Kepler-11 g,118.3807,25.1062,3.3290433,5663.0,4.0
Kepler-113 b,4.754,11.7586,1.8158418,4725.0,10.73
Kepler-114 c,8.041,2.8602,1.6028726999999998,4605.0,
Kepler-114 d,11.776,3.8136,2.5332114,4605.0,
Kepler-117 b,18.7959228,29.8732,8.059199099999999,6150.0,0.3
Kepler-117 c,50.790391,584.7520000000001,12.340998899999999,6150.0,1.74
Kepler-12 b,4.4379629,137.2896,19.6604106,5947.0,0.11
Kepler-122 f,56.268,35.9114,1.7485884,6050.0,
Kepler-128 b,15.09,30.826600000000003,1.1320989000000001,6090.0,
Kepler-128 c,22.804,33.369,1.1320989000000001,6090.0,
Kepler-131 b,16.092,16.2078,2.4099135,5685.0,6.0
Kepler-131 c,25.5169,8.2628,0.8406675,5685.0,77.7
Kepler-138 b,10.3126,0.066738,0.5268183,3841.0,2.6
Kepler-138 c,13.7813,1.9703600000000001,1.1993523,3841.0,6.2
Kepler-138 d,23.0881,0.6387780000000001,1.2105612,3841.0,2.1
Kepler-14 b,6.790123,2669.52,12.733310399999999,6395.0,7.1
Kepler-145 b,22.951,37.1826,2.6453004,6022.0,
Kepler-145 c,42.882,79.45,4.3154265,6022.0,
Kepler-15 b,4.942782,209.74800000000002,10.760544,5515.0,0.93
Kepler-16 b,228.776,105.82740000000001,8.4515106,4450.0,0.964
Kepler-1647 b,1107.5923,482.954304,11.870225099999999,6210.0,
Kepler-17 b,1.4857108,778.6100000000001,14.683659,5781.0,1.35
Kepler-177 b,36.855,1.9068,2.9031051,5942.0,
Kepler-177 c,49.412,7.6272,7.0952337,5942.0,
Kepler-18 b,3.504725,6.9916,1.9951842,5345.0,4.9
Kepler-18 c,7.64159,17.1612,5.492361,5345.0,0.59
Kepler-18 d,14.85888,16.5256,6.9831446999999995,5345.0,0.27
Kepler-19 b,9.2869944,20.3392,2.2081533,5541.0,10.4
Kepler-20 b,3.6961219,8.5806,1.905513,5455.0,6.5
Kepler-20 c,10.854092,16.2078,3.0712386,5455.0,2.91
Kepler-20 d,77.61184,20.0214,2.7461805,5455.0,4.07
Kepler-20 e,6.098493,3.1780000000000004,0.8630852999999999,5455.0,
Kepler-20 f,19.57706,14.301,1.0312188,5455.0,
Kepler-21 b,2.78578,5.078444,1.6364994,6305.0,6.4
Kepler-22 b,289.8623,35.9114,2.3762868,5518.0,14.7
Kepler-23 b,7.1073,254.24,1.905513,5828.0,
Kepler-23 c,10.7421,858.0600000000001,3.1945365,5828.0,
Kepler-238 e,23.654,169.70520000000002,5.60445,5751.0,
Kepler-238 f,50.447,13.347600000000002,1.9951842,5751.0,
Kepler-24 b,8.1453,508.48,2.3987046,5897.0,
Kepler-24 c,12.3335,508.48,2.802225,5897.0,
Kepler-25 b,6.2385,9.597560000000001,2.7125538,6270.0,2.5
Kepler-25 c,12.7204,24.59772,5.2009296,6270.0,0.9
Kepler-26 b,12.28,5.119758,2.7798072,3914.0,1.26
Kepler-26 c,17.2559,6.200278,2.7237627,3914.0,1.61
Kepler-27 b,15.3348,2895.158,4.0015773,5400.0,
Kepler-27 c,31.3309,4385.64,4.8982893,5400.0,
Kepler-276 c,31.884,16.5256,2.9031051,6105.0,
Kepler-276 d,48.648,16.2078,2.802225,6105.0,
Kepler-277 b,17.324,87.39500000000001,2.9255229000000003,5946.0,
Kepler-277 c,33.006,64.19560000000001,3.36267,5946.0,
Kepler-279 c,35.736,49.259,4.3042176,6363.0,
Kepler-279 d,54.414,37.5004,3.1048653,6363.0,
Kepler-28 b,5.9123,479.87800000000004,3.5980569,4590.0,
Kepler-28 c,8.9858,432.208,3.3962966999999997,4590.0,
Kepler-282 d,24.806,61.0176,2.4547491,5602.0,
Kepler-282 e,44.347,56.2506,3.1048653,5602.0,
Kepler-289 b,34.545,7.3094,2.1521088,5990.0,4.1
Kepler-289 c,125.8518,133.476,11.5900026,5990.0,0.47
Kepler-289 d,66.0634,4.1314,2.6789270999999997,5990.0,1.2
Kepler-29 b,10.3384,4.509582,3.3514611,5701.0,0.65
Kepler-29 c,13.2884,4.001102,3.1384920000000003,5701.0,0.7
Kepler-30 b,29.33434,11.4408,3.9006971999999998,5498.0,1.02
Kepler-30 c,60.323105,638.7779999999999,12.2961633,5498.0,1.88
Kepler-30 d,143.34394,23.1994,8.7989865,5498.0,0.19
Kepler-305 b,5.487,10.487400000000001,3.5980569,5100.0,
Kepler-305 c,8.291,6.0382,3.2954166,5100.0,
Kepler-307 b,10.4208,7.439698,2.4323313,5367.0,2.62
Kepler-307 c,13.0729,3.6388100000000003,2.1969444,5367.0,1.74
Kepler-31 c,42.6318,1493.66,5.3018097,6340.0,
Kepler-31 d,87.6451,2161.04,3.9006971999999998,6340.0,
Kepler-32 b,5.90124,1302.98,2.1969444,3900.0,
Kepler-32 c,8.7522,158.9,1.9951842,3900.0,
Kepler-328 b,34.921,28.602,2.2978245,5914.0,
Kepler-328 c,71.312,39.4072,5.4026898,5914.0,
Kepler-338 e,9.341,8.5806,1.5580371000000002,5923.0,
Kepler-34 b,288.822,69.916,8.5635996,5913.0,0.613
Kepler-35 b,131.458,40.360600000000005,8.1600792,5606.0,0.41
Kepler-350 c,17.849,6.0382,3.1048653,6186.0,
Kepler-350 d,26.136,14.9366,2.802225,6186.0,
Kepler-36 b,13.83989,4.4492,1.4907837000000002,5911.0,7.46
Kepler-36 c,16.23855,7.945,3.6765192,5911.0,0.89
Kepler-37 b,13.3675,9.997988000000001,0.3250581,5417.0,
Kepler-37 c,21.302,12.000128000000002,0.7509963000000001,5417.0,
Kepler-37 d,39.7922,12.200342000000001,1.9391397,5417.0,
Kepler-38 b,105.599,122.0352,4.3042176,5623.0,
Kepler-39 b,21.08721,6387.780000000001,13.899036,6350.0,13.0
Kepler-396 b,42.994,75.6364,3.4971768,5384.0,
Kepler-396 c,88.505,17.7968,5.3018097,5384.0,
Kepler-4 b,3.21346,24.4706,4.0015773,5857.0,1.91
Kepler-40 b,6.87349,699.1600000000001,13.114412999999999,6510.0,1.68
Kepler-406 b,2.42629,6.356000000000001,1.4347392,5538.0,11.82
Kepler-406 c,4.62332,2.8602,0.8518764,5538.0,24.39
Kepler-41 b,1.8555582,177.96800000000002,14.459481,5750.0,0.33
Kepler-412 b,1.7208604,299.0498,15.0311349,5750.0,0.52
Kepler-413 b,66.262,67.0558,4.3490532,4700.0,3.2
Kepler-418 b,86.67856,349.58000000000004,13.45068,5820.0,
Kepler-419 b,69.7546,794.5,10.760544,6430.0,
Kepler-420 b,86.647661,460.81,10.536366,5520.0,2.1
Kepler-422 b,7.8914483,136.654,12.890234999999999,5972.0,0.38
Kepler-423 b,2.6843285,189.091,13.361008799999999,5560.0,0.459
Kepler-424 b,3.3118644,327.334,9.975921,5460.0,1.94
Kepler-425 b,3.79701816,79.45,10.9623042,5170.0,0.27
Kepler-426 b,3.21751883,108.052,12.217701,5725.0,0.26
Kepler-427 b,10.290994,92.16199999999999,13.786947,5800.0,0.16
Kepler-428 b,3.52563254,403.606,12.105612,5150.0,1.02
Kepler-43 b,3.0240949,1026.4940000000001,13.6636491,6041.0,5.0
Kepler-432 b,52.501129,1719.298,12.8341905,4995.0,4.46
Kepler-433 b,5.33408384,896.196,16.252905,6360.0,1.13
Kepler-434 b,12.8747099,908.908,12.666056999999999,5977.0,2.4
Kepler-435 b,8.6001536,266.952,22.305711,6161.0,0.131
Kepler-44 b,3.2467293,317.8,12.217701,5800.0,0.93
Kepler-447 b,7.79430132,435.386,18.494685,5493.0,0.4
Kepler-45 b,2.455239,160.489,10.760544,3820.0,0.8
Kepler-453 b,240.503,0.200214,6.198521700000001,5527.0,
Kepler-454 b,10.57375339,6.839056,2.3650778999999997,5701.0,2.76
Kepler-46 b,33.60134,1906.8000000000002,9.056791200000001,5309.0,14.0
Kepler-47 b,49.532,635.6,3.026403,5636.0,
Kepler-47 c,303.137,8898.4,4.6068579,5636.0,
Kepler-48 b,4.778,3.9407200000000002,1.8830952,5194.0,3.23
Kepler-48 c,9.67395,14.609266,2.7125538,5194.0,4.01
Kepler-48 d,42.8961,7.945,2.0400198,5194.0,5.08
Kepler-49 b,7.2037945,311.444,2.7237627,4252.0,
Kepler-49 c,10.9129343,228.816,2.5444203,4252.0,
Kepler-5 b,3.5484657,670.8758000000001,15.9838914,6297.0,0.4
Kepler-51 b,45.154,2.2246,7.0952337,6018.0,0.03
Kepler-51 c,85.312,4.1314,9.0007467,6018.0,0.03
Kepler-51 d,130.194,7.6272,9.6956985,6018.0,0.046
Kepler-52 b,7.8773565,2764.8599999999997,2.0960643,4263.0,
Kepler-52 c,16.3850021,3308.2980000000002,1.8382596,4263.0,
Kepler-53 b,18.6489525,5850.698,2.8918962,5858.0,
Kepler-53 c,38.5583038,5002.1720000000005,3.1721186999999995,5858.0,
Kepler-539 b,125.63243,308.266,8.3730483,5820.0,2.9
Kepler-54 b,8.0109434,292.37600000000003,2.0960643,4252.0,
Kepler-54 c,12.0717249,117.586,1.232979,4252.0,
Kepler-55 b,27.9481449,473.522,2.4323313,4503.0,
Kepler-55 c,42.1516418,352.75800000000004,2.2081533,4503.0,
Kepler-56 b,10.5016,22.246000000000002,6.5123709,4840.0,0.442
Kepler-56 c,21.40239,181.146,9.7965786,4840.0,1.06
Kepler-57 b,5.7293196,5993.708,2.1857355,5145.0,
Kepler-57 c,11.6092567,2208.71,1.5468282000000002,5145.0,
Kepler-58 b,10.2184954,441.74199999999996,2.7798072,6099.0,
Kepler-58 c,15.5741568,695.982,2.8582695,6099.0,
Kepler-59 b,11.8681707,651.49,1.0984722,6074.0,
Kepler-59 c,17.9801235,435.386,1.9839752999999998,6074.0,
Kepler-6 b,3.2346996,212.29040000000003,14.6164056,5647.0,0.4
Kepler-60 b,7.1334,4.188604000000001,1.7149617,5905.0,4.62
Kepler-60 c,8.9187,3.8485579999999997,1.905513,5905.0,3.06
Kepler-60 d,11.8981,4.1600019999999995,1.9951842,5905.0,2.91
Kepler-62 b,5.714932,9.534,1.3114413,4925.0,
Kepler-62 c,12.4417,4.1314,0.5380272,4925.0,
Kepler-62 d,18.16406,13.9832,1.9503485999999999,4925.0,
Kepler-62 e,122.3874,35.9114,1.6140815999999998,4925.0,
Kepler-62 f,267.291,34.958,1.4123214,4925.0,
Kepler-63 b,9.4341505,120.1284,6.1088505,5576.0,3.0
Kepler-68 b,5.39875,5.968284000000001,2.3314512,5793.0,2.6
Kepler-68 c,9.60504,7.19817,0.9975921,5793.0,
Kepler-7 b,4.8854892,140.1498,18.1808358,5933.0,0.14
Kepler-74 b,7.340711,200.214,10.760544,6000.0,0.88
Kepler-75 b,8.8849116,3209.78,11.769345,5200.0,11.0
Kepler-76 b,1.5449298,638.7779999999999,15.244104,6409.0,1.1
Kepler-77 b,3.57878087,136.654,10.760544,5520.0,0.603
Kepler-78 b,0.355,1.9068,1.1769345,5058.0,5.57
Kepler-79 b,13.4845,10.90054,3.474759,6174.0,1.43
Kepler-79 c,27.4029,6.0382,3.7213548000000003,6174.0,0.62
Kepler-79 d,52.0902,6.0382,7.1624871,6174.0,0.09
Kepler-79 e,81.0659,4.1314,3.4859679,6174.0,0.53
Kepler-8 b,3.5224991,187.502,15.871802399999998,6213.0,0.27
Kepler-80 b,7.05246,6.92804,2.6677182,4540.0,1.38
Kepler-80 c,9.52355,6.740538,2.7349715999999997,4540.0,1.22
Kepler-80 d,3.07222,6.750071999999999,1.5244104,4540.0,7.04
Kepler-80 e,4.64489,4.128222,1.6028726999999998,4540.0,3.75
Kepler-87 b,114.73635,324.156,13.4955156,5600.0,0.729
Kepler-87 c,191.2318,6.356000000000001,6.1424772,5600.0,0.152
Kepler-9 b,19.24,80.0856,9.4378938,5777.0,0.524
Kepler-9 c,38.91,54.34380000000001,9.224924699999999,5777.0,0.383
Kepler-91 b,6.24658,257.418,15.3225663,4550.0,0.4
Kepler-92 b,13.749,64.19560000000001,3.5083857,5883.0,
Kepler-92 c,26.723,6.0382,2.6004648,5883.0,
Kepler-93 b,4.72673978,4.02017,1.4795748,5669.0,6.88
Kepler-94 b,2.50806,10.805200000000001,3.5083857,4781.0,1.45
Kepler-95 b,11.5231,13.029800000000002,3.4187145,5699.0,1.71
Kepler-96 b,16.2385,8.5806,2.6677182,5690.0,2.26
Kepler-97 b,2.58664,3.4958,1.4795748,5779.0,5.44
Kepler-98 b,1.54168,3.4958,1.9951842,5539.0,2.18
Kepler-99 b,4.60358,6.0382,1.4795748,4782.0,10.9
Lupus-TR-3 b,3.91405,257.418,9.975921,5000.0,1.4
OGLE-TR-056 b,1.2119189,441.74199999999996,15.2777307,6050.0,0.68
OGLE-TR-10 b,3.101278,197.036,14.011125,5950.0,0.4
OGLE-TR-113 b,1.4324752,400.428,12.2513277,4790.0,1.2
OGLE-TR-132 b,1.689868,375.004,13.45068,6210.0,0.85
OGLE-TR-182 b,3.9791,320.978,12.666056999999999,5924.0,
OGLE-TR-211 b,3.67724,327.334,15.244104,6325.0,
OGLE2-TR-L9 b,2.4855335,1430.1000000000001,18.046329,6933.0,
PH1 b,138.317,168.7518,6.1761039,6407.0,
POTS-1 b,3.1606296,734.118,10.547574899999999,4400.0,
Qatar-1 b,1.4200242,411.2332,12.8117727,5013.0,1.076
Qatar-2 b,1.33711647,792.5932000000001,14.0559606,4645.0,1.573
TrES-1 b,3.030065,238.9856,11.959896299999999,5230.0,0.769
TrES-2 b,2.47061317,380.4066,13.9774983,5850.0,0.8
TrES-3 b,1.30618581,606.998,14.975090400000001,5650.0,0.994
TrES-4 b,3.55392771,156.9932,20.601958200000002,6295.0,0.099
TrES-5 b,1.48224686,568.8620000000001,13.3834266,5171.0,1.31
WASP-10 b,3.0927616,1001.07,12.105612,4675.0,4.14
WASP-100 b,2.849375,645.134,18.943041,6900.0,0.53
WASP-101 b,3.585722,158.9,15.804549,6400.0,0.24
WASP-103 b,0.925542,473.522,17.1271992,6110.0,0.55
WASP-104 b,1.7554137,404.2416,12.7445193,5475.0,1.074
WASP-106 b,9.289715,611.765,12.1616565,6055.0,1.86
WASP-11 b,3.7224747,154.7686,11.264944499999999,4980.0,0.594
WASP-113 b,4.54216875,150.955,15.7933401,5890.0,0.228
WASP-114 b,1.5487743,562.1881999999999,15.0087171,5940.0,0.97
WASP-117 b,10.02165,87.55390000000001,11.444286899999998,6038.0,0.3445
WASP-118 b,4.0460435,163.3492,16.140816,6410.0,0.233
WASP-119 b,2.49979,390.894,15.692459999999999,5650.0,0.7
WASP-12 b,1.0914203,467.166,21.29691,6360.0,0.266
WASP-120 b,3.6112706,1541.33,16.5107097,6450.0,2.0
WASP-121 b,1.2749255,375.9574,20.9045985,6459.0,0.243
WASP-123 b,2.9776412,285.7022,14.7733302,5740.0,0.521
WASP-124 b,3.37265,190.68,13.899036,6050.0,0.43
WASP-126 b,3.2888,88.98400000000001,10.760544,5800.0,0.41
WASP-127 b,4.178062,57.204,15.356193000000001,5620.0,0.09
WASP-129 b,5.748145,317.8,10.424277,5900.0,1.6
WASP-13 b,4.353011,151.5906,15.5691621,5826.0,0.222
WASP-130 b,11.55098,390.894,9.975921,5625.0,2.34
WASP-131 b,5.322023,85.80600000000001,13.674858,6030.0,0.2
WASP-132 b,7.133521,130.298,9.751743,4775.0,0.84
WASP-133 b,2.176423,368.64799999999997,13.562769,5700.0,0.88
WASP-135 b,1.4013794,603.82,14.57157,5675.0,1.16
WASP-136 b,5.215357,479.87800000000004,15.468281999999999,6260.0,0.773
WASP-138 b,3.634433,387.716,12.217701,6272.0,1.2
WASP-139 b,5.924262,37.1826,8.96712,5310.0,0.31
WASP-14 b,2.243752,2332.9698000000003,14.358600899999999,6475.0,4.656
WASP-140 b,2.2359835,775.432,16.140816,5260.0,1.1
WASP-141 b,3.310651,854.8820000000001,13.562769,5900.0,1.98
WASP-142 b,2.052868,266.952,17.149617,6010.0,0.31
WASP-15 b,3.7520656,172.2476,16.0063092,6300.0,0.247
WASP-157 b,3.9516205,182.41719999999998,11.9374785,5838.0,0.64
WASP-16 b,3.1186009,271.719,11.2985712,5700.0,1.104
WASP-17 b,3.735438,154.45080000000002,22.316919900000002,6650.0,0.0817
WASP-18 b,0.94145299,3314.654,13.0583685,6400.0,8.78
WASP-19 b,0.78883899,339.7282,15.602788799999999,5568.0,0.492
WASP-2 b,2.152226,290.78700000000003,12.0047319,5200.0,0.92
WASP-20 b,4.8996284,98.8358,16.3874118,5940.0,0.132
WASP-21 b,4.322482,95.34,11.993523,5800.0,0.32
WASP-22 b,3.53273064,196.0826,13.4394711,6153.0,0.444
WASP-23 b,2.9444256,280.9352,10.782961799999999,5150.0,
WASP-24 b,2.34121242,340.36379999999997,14.57157,6075.0,0.648
WASP-25 b,3.764825,184.32399999999998,13.674858,5703.0,0.422
WASP-26 b,2.7566004,326.6984,14.358600899999999,5939.0,0.649
WASP-28 b,3.40883,288.2446,13.5963957,6150.0,0.676
WASP-29 b,3.922727,77.5432,8.8774488,4800.0,0.65
WASP-3 b,1.8468355,629.244,15.692459999999999,6400.0,0.95
WASP-31 b,3.4059096,151.9084,17.362586099999998,6302.0,0.172
WASP-32 b,2.718659,1144.0800000000002,13.226502,6100.0,2.926
WASP-33 b,1.2198669,1302.98,16.7797233,7430.0,
WASP-34 b,4.3176782,187.502,13.674858,5700.0,0.45
WASP-35 b,3.161575,228.816,14.795748,5990.0,0.426
WASP-36 b,1.53736596,750.3258000000001,14.8742103,5959.0,1.26
WASP-37 b,3.577469,572.0400000000001,13.002324,5800.0,1.53
WASP-38 b,6.871815,855.1998,12.2625366,6150.0,2.74
WASP-39 b,4.055259,88.98400000000001,14.235303,5400.0,0.186
WASP-4 b,1.33823251,386.4448,14.907837,5436.0,
WASP-41 b,3.052404,298.73199999999997,13.226502,5545.0,0.74
WASP-42 b,4.9816819,167.4806,12.5763858,5315.0,0.464
WASP-43 b,0.813475,565.6840000000001,10.424277,4400.0,2.939
WASP-44 b,2.4238039,282.5242,12.778146,5410.0,0.811
WASP-45 b,3.126096,318.4356,11.1192288,5100.0,1.275
WASP-46 b,1.43036763,606.998,13.1592486,5600.0,1.467
WASP-47 b,4.16071,384.538,12.890234999999999,5576.0,0.98
WASP-47 d,9.095,16.798908,3.7101459,5576.0,1.8
WASP-47 e,0.789636,9.098614,1.8158418,5576.0,8.5
WASP-48 b,2.14363544,288.2446,15.647624399999998,6000.0,0.415
WASP-49 b,2.7817387,120.1284,12.4979235,5600.0,0.363
WASP-5 b,1.6284279,502.124,12.184074299999999,5700.0,1.64
WASP-50 b,1.9550959,466.5304,12.9238617,5400.0,1.274
WASP-52 b,1.7497798,146.18800000000002,14.235303,5000.0,0.29
WASP-53 b,3.3098443,677.5496,12.0383586,4953.0,2.28
WASP-54 b,3.6936411,202.1208,18.5283117,6100.0,0.188
WASP-55 b,4.4656291,199.2606,14.9638815,6070.0,0.329
WASP-56 b,4.617101,181.4638,12.240118800000001,5600.0,0.583
WASP-57 b,2.83891856,204.66320000000002,11.769345,5600.0,0.693
WASP-58 b,5.01718,282.84200000000004,15.356193000000001,5800.0,0.45
WASP-59 b,7.919585,274.2614,8.6868975,4650.0,2.4
WASP-6 b,3.36100208,154.133,13.786947,5375.0,0.325
WASP-60 b,4.3050011,163.3492,9.639654,5900.0,1.1
WASP-61 b,3.8559,654.668,13.899036,6320.0,1.423
WASP-62 b,4.411953,181.146,15.580371,6280.0,0.279
WASP-63 b,4.37809,120.76400000000001,16.028727,5570.0,0.173
WASP-64 b,1.5732918,403.92379999999997,14.246511899999998,5400.0,0.823
WASP-65 b,2.3114243,492.59000000000003,12.464296800000001,5600.0,1.5
WASP-66 b,4.086052,737.2959999999999,15.580371,6580.0,1.144
WASP-67 b,4.61442,133.476,15.692459999999999,5240.0,0.213
WASP-68 b,5.084298,301.91,13.899036,5911.0,0.665
WASP-69 b,3.8681382,82.628,11.8478073,4715.0,0.291
WASP-7 b,4.954658,305.088,14.907837,6400.0,0.545
WASP-70 A b,3.7130203,187.502,13.047159599999999,5763.0,0.499
WASP-71 b,2.9036747,712.5076,16.364994,6059.0,0.94
WASP-72 b,2.2167421,491.35058000000004,14.235303,6250.0,0.96
WASP-73 b,4.08722,597.4639999999999,13.002324,6036.0,1.596
WASP-74 b,2.13775,301.91,17.485884,5970.0,0.33
WASP-75 b,2.484193,340.04600000000005,14.235303,6100.0,0.69
WASP-76 b,1.809886,292.37600000000003,20.512287,6250.0,0.201
WASP-77 A b,1.3600309,559.328,13.562769,5500.0,1.33
WASP-78 b,2.17517632,282.84200000000004,19.05513,6100.0,0.2394
WASP-79 b,3.6623866,286.02000000000004,23.426600999999998,6600.0,0.13
WASP-8 b,8.158715,713.1432000000001,11.6348382,5600.0,
WASP-80 b,3.06785234,170.9764,11.1976911,4143.0,0.717
WASP-81 b,2.7164762,231.6762,16.0175181,5870.0,0.332
WASP-82 b,2.705782,394.072,18.718863,6490.0,0.354
WASP-83 b,4.971252,95.34,11.657256,5510.0,0.35
WASP-84 b,8.5234865,220.5532,10.558783799999999,5314.0,1.104
WASP-85 A b,2.6556777,402.017,13.899036,6112.0,0.88
WASP-88 b,4.954,177.96800000000002,19.05513,6431.0,0.146
WASP-89 b,3.3564227,1875.0200000000002,11.657256,5130.0,7.0
WASP-90 b,3.916243,200.214,18.270507,6430.0,0.193
WASP-92 b,2.1746742,255.82900000000004,16.3762029,6280.0,0.346
WASP-93 b,2.7325321,467.166,17.9006133,6700.0,0.479
WASP-94 A b,3.9501907,143.6456,19.279308,6153.0,0.118
WASP-95 b,2.184673,359.114,13.562769,5630.0,1.13
WASP-96 b,3.4252602,152.544,13.45068,5540.0,0.37
WASP-97 b,2.07276,419.49600000000004,12.666056999999999,5640.0,1.21
WASP-98 b,2.96264036,293.01160000000004,12.822981599999999,5473.0,0.764
WASP-99 b,5.75251,883.4839999999999,12.329790000000001,6180.0,2.79
WTS-1 b,3.352057,1274.378,16.701261,6250.0,1.61
WTS-2 b,1.0187068,355.93600000000004,15.2777307,5000.0,0.54
XO-1 b,3.94150685,292.37600000000003,13.562769,5750.0,0.64
XO-2 N b,2.61585922,189.7266,11.421869099999999,5332.0,0.7
XO-3 b,3.1915239,3746.862,13.641231300000001,6429.0,8.1
XO-4 b,4.1250828,565.6840000000001,14.907837,5700.0,
XO-5 b,4.1877558,378.182,12.778146,5430.0,1.06
XO-6 b,3.7650007,1398.3200000000002,23.202423,6720.0,0.62
